year,us_median_new_house_usd,uk_bis_index,spain_bis_index,euro_area_bis_index
1963,17800,,,
1964,18500,,,
1965,20200,,,
1966,21000,,,
1967,22300,,,
1968,23900,2.1742,,
1969,25700,2.2346,,
1970,23900,2.3554,,
1971,24300,2.5366,1.5527,
1972,26200,3.0802,1.6194,
1973,30200,4.6505,1.9461,
1974,35200,5.3148,2.459,
1975,38100,5.496,2.87,12.5862
1976,42800,5.9792,3.137,13.5589
1977,46300,6.4019,4.1593,15.5888
1978,53000,7.0663,5.8876,17.7586
1979,60600,8.9386,6.6464,20.2921
1980,63700,11.5356,6.9731,22.0889
1981,66800,12.5019,7.1909,26.4817
1982,66400,12.5019,7.3103,27.7291
1983,73300,13.9514,8.582,29.2293
1984,78200,15.2801,9.4813,30.0759
1985,82800,16.6088,10.3244,30.5714
1986,88000,18.5415,11.1745,31.4263
1987,97900,21.4405,15.39,33.4941
1988,110000,25.9702,19.5949,36.0537
1989,118000,33.8216,24.2389,40.315
1990,123900,34.7879,29.2202,45.2598
1991,120000,34.0632,32.5645,49.5247
1992,119500,33.7612,34.5317,52.697
1993,125000,31.9493,33.2038,53.7877
1994,130000,32.6137,33.6956,55.054
1995,130000,33.0968,34.6617,55.8112
1996,137000,33.7612,35.568,56.9922
1997,145000,36.2374,35.979,57.7808
1998,152200,39.5592,36.8607,59.1497
1999,157400,43.5453,40.3982,61.6588
2000,165300,50.4908,44.3362,65.4226
2001,169800,55.6244,48.1687,68.8492
2002,188700,60.3957,54.4884,72.8383
2003,186000,74.5283,63.7062,77.2648
2004,212700,81.2926,75.4147,81.8903
2005,232500,88.6118,87.2742,88.13
2006,247700,94.2643,95.3525,93.7081
2007,257400,104.2394,107.8756,99.6508
2008,233900,108.0632,110.9359,103.3391
2009,208400,91.4381,102.708,100.4846
2010,222900,98.4206,99.6477,98.918
2011,226900,97.7556,96.1042,100.476
2012,238400,97.2569,82.4805,99.4719
2013,258400,98.5869,71.9036,96.6854
2014,275200,105.0707,70.7493,96.5971
2015,289200,112.0532,71.8499,97.6565
2016,299800,121.0308,76.3599,101.0985
2017,313100,126.3508,80.4134,105.5433
2018,331800,131.8371,85.4334,110.7704
2019,313000,133.6658,91.3258,115.4086
2020,329000,135.9934,94.3324,121.3008
2021,355000,146.4672,95.2183,128.8462
2022,413500,158.4372,103.3388,141.7262
2023,429000,164.7548,107.0031,142.5399
2024,426800,162.5935,113.8351,142.4324
2025,423100,169.4098,127.8346,150.2924
2026,408500,171.4048,144.2233,157.3388
