year,usd_per_gbp,esp_per_usd,usd_per_eur,dem_per_usd
1971,2.4058,,,3.637
1972,2.5705,,,3.2306
1973,2.3563,63.47,,3.1962
1974,2.224,58.14,,2.8151
1975,2.3623,56.18,,2.3649
1976,2.0286,59.7,,2.6025
1977,1.7124,68.6,,2.3931
1978,1.9353,80.66,,2.118
1979,2.0053,69.96,,1.85
1980,2.2641,66.12,,1.7246
1981,2.4029,80.6,,2.0105
1982,1.886,98.36,,2.2938
1983,1.5756,126.84,,2.3893
1984,1.4076,159.83,,2.811
1985,1.1271,175.13,,3.1706
1986,1.4244,152.91,,2.4384
1987,1.5054,129.54,,1.8596
1988,1.8009,112.34,,1.6537
1989,1.7737,114.78,,1.8357
1990,1.6512,109.71,,1.6914
1991,1.9346,95.08,,1.5091
1992,1.809,100.05,,1.5788
1993,1.5325,114.62,,1.6144
1994,1.4923,143.04,,1.7426
1995,1.5746,132.62,,1.5302
1996,1.5288,123.38,,1.4635
1997,1.6585,134.79,,1.6047
1998,1.635,153.93,,1.8165
1999,1.6498,,1.1591,
2000,1.6404,,1.0131,
2001,1.4775,,0.9376,
2002,1.4322,,0.8832,
2003,1.6175,,1.0622,
2004,1.8255,,1.2638,
2005,1.8797,,1.3123,
2006,1.7686,,1.2126,
2007,1.9587,,1.2993,
2008,1.9702,,1.4728,
2009,1.4462,,1.3244,
2010,1.6158,,1.4266,
2011,1.5782,,1.3371,
2012,1.5524,,1.291,
2013,1.5965,,1.3304,
2014,1.647,,1.3618,
2015,1.5142,,1.1615,
2016,1.4392,,1.0855,
2017,1.2367,,1.0635,
2018,1.3824,,1.2197,
2019,1.2901,,1.1418,
2020,1.3076,,1.1098,
2021,1.3641,,1.2178,
2022,1.3555,,1.1317,
2023,1.2237,,1.0777,
2024,1.2701,,1.0899,
2025,1.2354,,1.0356,
2026,1.3536,,1.1744,
