year,m2
1959,286.6
1960,298.2
1961,314.1
1962,337.5
1963,365.2
1964,395.2
1965,427.5
1966,462.0
1967,481.6
1968,527.4
1969,569.3
1970,589.6
1971,633.0
1972,717.7
1973,810.3
1974,859.7
1975,906.3
1976,1026.7
1977,1165.2
1978,1279.7
1979,1371.6
1980,1482.7
1981,1607.0
1982,1770.4
1983,1959.4
1984,2138.0
1985,2332.1
1986,2501.6
1987,2743.3
1988,2846.9
1989,2991.2
1990,3166.3
1991,3287.4
1992,3380.9
1993,3418.9
1994,3474.8
1995,3492.2
1996,3647.4
1997,3834.0
1998,4055.2
1999,4401.7
2000,4666.1
2001,4976.8
2002,5459.6
2003,5811.1
2004,6081.3
2005,6429.9
2006,6728.4
2007,7115.6
2008,7513.6
2009,8284.2
2010,8473.1
2011,8844.5
2012,9753.3
2013,10502.3
2014,11127.5
2015,11806.2
2016,12522.2
2017,13318.9
2018,13902.4
2019,14460.2
2020,15425.0
2021,19375.3
2022,21647.4
2023,21274.0
2024,20835.5
2025,21539.3
2026,22413.4
